{
    "Recall":{
        "('ALS', 3)":0.608256959,
        "('Random', 3)":0.0250319007,
        "('TopPopular', 3)":0.2843936532,
        "('ALS', 5)":0.6712672254,
        "('Random', 5)":0.0418355434,
        "('TopPopular', 5)":0.3542087647,
        "('ALS', 7)":0.7058305634,
        "('Random', 7)":0.0582998165,
        "('TopPopular', 7)":0.4051219597,
        "('ALS', 10)":0.7376246456,
        "('Random', 10)":0.0829244738,
        "('TopPopular', 10)":0.4777683832
    },
    "Precision":{
        "('ALS', 3)":0.3207785979,
        "('Random', 3)":0.0142961863,
        "('TopPopular', 3)":0.1583983307,
        "('ALS', 5)":0.216183469,
        "('Random', 5)":0.0143210087,
        "('TopPopular', 5)":0.118629645,
        "('ALS', 7)":0.163843204,
        "('Random', 7)":0.0142690367,
        "('TopPopular', 7)":0.0971128929,
        "('ALS', 10)":0.1207911384,
        "('Random', 10)":0.0142042656,
        "('TopPopular', 10)":0.0803879285
    },
    "F1-Score":{
        "('ALS', 3)":0.4103521299,
        "('Random', 3)":0.0178729478,
        "('TopPopular', 3)":0.1994372283,
        "('ALS', 5)":0.3212914846,
        "('Random', 5)":0.0210331574,
        "('TopPopular', 5)":0.1749599359,
        "('ALS', 7)":0.2622216146,
        "('Random', 7)":0.0226606231,
        "('TopPopular', 7)":0.1546882131,
        "('ALS', 10)":0.2053691383,
        "('Random', 10)":0.0240344774,
        "('TopPopular', 10)":0.1362777215
    },
    "NDCG":{
        "('ALS', 3)":0.5853760536,
        "('Random', 3)":0.0206541025,
        "('TopPopular', 3)":0.249288363,
        "('ALS', 5)":0.6166144536,
        "('Random', 5)":0.028583227,
        "('TopPopular', 5)":0.2822630772,
        "('ALS', 7)":0.6316623602,
        "('Random', 7)":0.0351587647,
        "('TopPopular', 7)":0.3025015654,
        "('ALS', 10)":0.6431341645,
        "('Random', 10)":0.0438558529,
        "('TopPopular', 10)":0.3280224867
    },
    "MAP":{
        "('ALS', 3)":0.5297200492,
        "('Random', 3)":0.015354373,
        "('TopPopular', 3)":0.2055555125,
        "('ALS', 5)":0.5517979478,
        "('Random', 5)":0.0191442263,
        "('TopPopular', 5)":0.2244115655,
        "('ALS', 7)":0.5607197526,
        "('Random', 7)":0.0217511203,
        "('TopPopular', 7)":0.2341794533,
        "('ALS', 10)":0.5661848511,
        "('Random', 10)":0.024741692,
        "('TopPopular', 10)":0.2446998835
    },
    "HitRate":{
        "('ALS', 3)":0.7833813622,
        "('Random', 3)":0.0425743995,
        "('TopPopular', 3)":0.4257401166,
        "('ALS', 5)":0.8361368493,
        "('Random', 5)":0.0706780798,
        "('TopPopular', 5)":0.5152134538,
        "('ALS', 7)":0.8652993628,
        "('Random', 7)":0.0978625534,
        "('TopPopular', 7)":0.5757957732,
        "('ALS', 10)":0.8897999077,
        "('Random', 10)":0.1375746128,
        "('TopPopular', 10)":0.6585321393
    }
}