{
    "Recall":{
        "('LightFM', 3)":0.6174839333,
        "('Random', 3)":0.0246324143,
        "('TopPopular', 3)":0.2843936532,
        "('LightFM', 5)":0.7113768321,
        "('Random', 5)":0.0420314082,
        "('TopPopular', 5)":0.3542087647,
        "('LightFM', 7)":0.7507068584,
        "('Random', 7)":0.0590406119,
        "('TopPopular', 7)":0.4118628094,
        "('LightFM', 10)":0.7798771288,
        "('Random', 10)":0.0836070915,
        "('TopPopular', 10)":0.4774484061
    },
    "Precision":{
        "('LightFM', 3)":0.3268135588,
        "('Random', 3)":0.0141113106,
        "('TopPopular', 3)":0.1583983307,
        "('LightFM', 5)":0.2301709259,
        "('Random', 5)":0.0143737565,
        "('TopPopular', 5)":0.118629645,
        "('LightFM', 7)":0.1749806213,
        "('Random', 7)":0.0144413533,
        "('TopPopular', 7)":0.0989086428,
        "('LightFM', 10)":0.1280998018,
        "('Random', 10)":0.0143043311,
        "('TopPopular', 10)":0.0808921348
    },
    "F1-Score":{
        "('LightFM', 3)":0.4176289895,
        "('Random', 3)":0.0176266624,
        "('TopPopular', 3)":0.1994372283,
        "('LightFM', 5)":0.3417631815,
        "('Random', 5)":0.0211146061,
        "('TopPopular', 5)":0.1749599359,
        "('LightFM', 7)":0.2798740045,
        "('Random', 7)":0.0229363205,
        "('TopPopular', 7)":0.1575069199,
        "('LightFM', 10)":0.2177232491,
        "('Random', 10)":0.0242067772,
        "('TopPopular', 10)":0.1370319741
    },
    "NDCG":{
        "('LightFM', 3)":0.5617244406,
        "('Random', 3)":0.0203680643,
        "('TopPopular', 3)":0.249288363,
        "('LightFM', 5)":0.6078007294,
        "('Random', 5)":0.0286594445,
        "('TopPopular', 5)":0.2822952161,
        "('LightFM', 7)":0.6241585576,
        "('Random', 7)":0.0357614693,
        "('TopPopular', 7)":0.3054252052,
        "('LightFM', 10)":0.63487247,
        "('Random', 10)":0.0441569501,
        "('TopPopular', 10)":0.3287466592
    },
    "MAP":{
        "('LightFM', 3)":0.4973949344,
        "('Random', 3)":0.0151543065,
        "('TopPopular', 3)":0.2055555125,
        "('LightFM', 5)":0.5296109984,
        "('Random', 5)":0.0192078985,
        "('TopPopular', 5)":0.2244583015,
        "('LightFM', 7)":0.5392315029,
        "('Random', 7)":0.0222563931,
        "('TopPopular', 7)":0.2357099963,
        "('LightFM', 10)":0.5445874983,
        "('Random', 10)":0.0249158148,
        "('TopPopular', 10)":0.2455194472
    },
    "HitRate":{
        "('LightFM', 3)":0.7915844099,
        "('Random', 3)":0.0420120156,
        "('TopPopular', 3)":0.4257401166,
        "('LightFM', 5)":0.8709503512,
        "('Random', 5)":0.0708370987,
        "('TopPopular', 5)":0.5152134538,
        "('LightFM', 7)":0.9008730525,
        "('Random', 7)":0.0988089097,
        "('TopPopular', 7)":0.5845146627,
        "('LightFM', 10)":0.9212003211,
        "('Random', 10)":0.1386256889,
        "('TopPopular', 10)":0.6575586334
    }
}